{"cameraMode":{"drawMode":0,"name":"Shaded","section":"Shading Mode"},"sceneLighting":true,"audioPlay":false,"sceneViewState":{"showFog":true,"showMaterialUpdate":false,"showSkybox":true,"showFlares":true,"showImageEffects":true,"showParticleSystems":true},"in2DMode":false,"pivot":{"x":-2.66068172454834,"y":2.1113369464874269,"z":2.6449155807495119},"rotation":{"x":-0.06518498063087464,"y":0.8248432278633118,"z":-0.09720847755670548,"w":-0.5531140565872192},"size":10.0,"orthographic":false}